{"cameraMode":{"drawMode":0,"name":"Shaded","section":"Shading Mode"},"sceneLighting":false,"audioPlay":false,"sceneViewState":{"m_AlwaysRefresh":false,"showFog":true,"showSkybox":false,"showFlares":true,"showImageEffects":true,"showParticleSystems":true,"showVisualEffectGraphs":true,"m_FxEnabled":true},"in2DMode":false,"pivot":{"x":414.8783874511719,"y":217.20953369140626,"z":238.67697143554688},"rotation":{"x":0.004860962741076946,"y":0.9948511719703674,"z":-0.0825720876455307,"w":0.05856585502624512},"size":0.8660253882408142,"orthographic":false}